{
  "nodePositions": [
    {
      "id": "Welcome.md",
      "x": 2.5001564025878906,
      "y": 126.16989135742188
    },
    {
      "id": "create a link.md",
      "x": -4.500299453735352,
      "y": -109.02908325195312
    }
  ],
  "automaticallyRestoreNodePositions": true
}